run,lumi,evtid
1,249,248156
1,249,248172
1,249,248184
1,249,248221
1,249,248267
1,249,248330
1,249,248358
1,249,248364
1,249,248425
1,249,248501
1,249,248552
1,249,248907
1,249,248997
1,250,249028
1,250,249120
1,250,249149
1,250,249232
1,250,249281
1,250,249545
1,250,249567
1,250,249614
1,250,249612
1,250,249768
1,250,249905
1,250,249899
1,250,249994
1,251,250056
1,251,250087
1,251,250145
1,251,250288
1,251,250625
1,251,250667
1,251,250707
1,251,250778
1,251,250779
1,251,250974
1,252,251108
1,252,251154
1,252,251152
1,252,251203
1,252,251253
1,252,251331
1,252,251473
1,252,251532
1,252,251539
1,252,251583
1,252,251596
1,252,251958
1,257,256173
1,257,256200
1,257,256197
1,257,256290
1,257,256309
1,257,256401
1,257,256476
1,257,256705
1,257,256821
1,257,256869
1,258,257062
1,258,257063
1,258,257157
1,258,257248
1,258,257256
1,258,257377
1,258,257441
1,258,257438
1,258,257474
1,258,257542
1,258,257877
1,258,257898
1,258,257912
1,258,257947
1,258,257995
1,259,258057
1,259,258172
1,259,258310
1,259,258376
1,259,258436
1,259,258554
1,259,258569
1,259,258640
1,259,258666
1,259,258784
1,259,258805
1,259,258921
1,259,258944
1,260,259081
1,260,259227
1,260,259369
1,260,259513
1,260,259545
1,260,259553
1,260,259586
1,260,259747
1,260,259776
1,260,259833
1,115,114229
1,115,114256
1,115,114273
1,115,114351
1,115,114556
1,115,114609
1,115,114643
1,116,115010
1,116,115725
1,116,115724
1,116,115797
1,116,115886
1,116,115972
1,25,24015
1,25,24049
1,25,24068
1,25,24095
1,25,24270
1,25,24280
1,25,24377
1,25,24453
1,25,24546
1,25,24554
1,25,24637
1,25,24701
1,25,24703
1,25,24792
1,25,24879
1,25,24939
1,25,24981
1,26,25026
1,26,25141
1,26,25162
1,26,25203
1,26,25236
1,26,25300
1,26,25449
1,26,25483
1,26,25522
1,26,25771
1,26,25824
1,26,25919
1,27,26040
1,27,26056
1,27,26054
1,27,26055
1,27,26198
1,27,26363
1,27,26434
1,27,26467
1,27,26500
1,27,26525
1,27,26606
1,27,26636
1,27,26776
1,27,26867
1,27,26881
1,27,26933
1,28,27053
1,28,27082
1,28,27260
1,28,27546
1,28,27623
1,28,27663
1,28,27698
1,28,27743
1,28,27763
1,28,27776
1,28,27793
1,28,27916
1,28,27975
1,37,36037
1,37,36110
1,37,36208
1,37,36204
1,37,36240
1,37,36254
1,37,36313
1,37,36421
1,37,36506
1,37,36586
1,37,36845
1,37,36899
1,37,36908
1,37,36945
1,38,37006
1,38,37044
1,38,37059
1,38,37076
1,38,37212
1,38,37317
1,38,37336
1,38,37346
1,38,37360
1,38,37433
1,38,37440
1,38,37614
1,38,37631
1,38,37694
1,38,37754
1,38,37770
1,38,37844
1,38,37858
1,38,37867
1,38,37978
1,39,38036
1,39,38270
1,39,38378
1,39,38484
1,39,38563
1,39,38611
1,39,38667
1,39,38683
1,39,38707
1,39,38719
1,39,38840
1,39,38918
1,40,39042
1,40,39054
1,40,39256
1,40,39424
1,40,39565
1,40,39654
1,40,39687
1,40,39732
1,40,39778
1,40,39784
1,40,39785
1,45,44250
1,45,44253
1,45,44318
1,45,44584
1,45,44714
1,45,44752
1,45,44772
1,45,44889
1,45,44923
1,45,44961
1,45,44987
1,46,45028
1,46,45105
1,46,45115
1,46,45170
1,46,45251
1,46,45351
1,46,45484
1,46,45609
1,46,45715
1,46,45743
1,46,45771
1,46,45833
1,46,45982
1,47,46204
1,47,46246
1,47,46274
1,47,46329
1,47,46383
1,47,46429
1,47,46459
1,47,46534
1,47,46747
1,47,46782
1,47,46787
1,47,46825
1,47,46910
1,47,46905
1,48,47080
1,48,47096
1,48,47134
1,48,47256
1,48,47277
1,48,47389
1,48,47516
1,48,47649
1,48,47701
1,48,47811
1,48,47857
1,48,47880
1,49,48275
1,49,48295
1,49,48354
1,49,48396
1,49,48431
1,49,48556
1,49,48565
1,49,48563
1,49,48930
1,49,48937
1,49,48995
1,50,49036
1,50,49086
1,50,49101
1,50,49100
1,50,49121
1,50,49140
1,50,49499
1,50,49635
1,50,49657
1,50,49905
1,50,49951
1,50,49965
1,51,50010
1,51,50177
1,51,50229
1,51,50318
1,51,50703
1,51,50784
1,51,50778
1,52,51001
1,52,51004
1,52,51304
1,52,51340
1,52,51396
1,52,51428
1,52,51641
1,52,51651
1,52,51654
1,52,51739
1,52,51892
1,52,51983
1,289,288053
1,289,288156
1,289,288310
1,289,288463
1,289,288505
1,289,288516
1,289,288556
1,289,288564
1,289,288712
1,290,289039
1,290,289082
1,290,289216
1,290,289277
1,290,289288
1,290,289490
1,290,289512
1,290,289538
1,290,289649
1,290,289715
1,290,289782
1,290,289879
1,290,289973
1,291,290051
1,291,290174
1,291,290299
1,291,290347
1,291,290380
1,291,290397
1,291,290428
1,291,290482
1,291,290682
1,291,290723
1,291,290776
1,291,290788
1,291,290813
1,291,290808
1,291,290832
1,291,290935
1,291,290973
1,292,291129
1,292,291246
1,292,291272
1,292,291284
1,292,291527
1,292,291639
1,292,291702
1,292,291712
1,292,291871
1,353,352070
1,353,352146
1,353,352197
1,353,352331
1,353,352386
1,353,352415
1,353,352491
1,353,352535
1,353,352541
1,353,352652
1,353,352688
1,354,353011
1,354,353073
1,354,353197
1,354,353293
1,354,353292
1,354,353379
1,354,353491
1,354,353802
1,354,353839
1,354,353878
1,369,368020
1,369,368083
1,369,368140
1,369,368269
1,369,368415
1,369,368434
1,369,368435
1,369,368541
1,369,368603
1,369,368667
1,369,368976
1,371,370048
1,371,370077
1,371,370152
1,371,370153
1,371,370312
1,371,370381
1,371,370401
1,371,370408
1,371,370424
1,371,370528
1,371,370578
1,371,370602
1,371,370626
1,371,370885
1,150,149011
1,150,149028
1,150,149051
1,150,149186
1,150,149204
1,150,149229
1,150,149299
1,150,149356
1,150,149379
1,150,149416
1,150,149545
1,150,149617
1,150,149696
1,150,149754
1,150,149766
1,150,149846
1,151,150060
1,151,150102
1,151,150211
1,151,150274
1,151,150391
1,151,150430
1,151,150487
1,151,150489
1,151,150503
1,151,150608
1,151,150686
1,151,150708
1,151,150875
1,152,151032
1,152,151092
1,152,151397
1,152,151466
1,152,151491
1,152,151617
1,152,151619
1,152,151668
1,152,151809
1,152,151979
1,181,180029
1,181,180040
1,181,180408
1,181,180429
1,181,180444
1,181,180461
1,181,180474
1,181,180495
1,181,180547
1,181,180670
1,181,180776
1,181,180841
1,181,180916
1,181,180932
1,182,181014
1,182,181038
1,182,181070
1,182,181079
1,182,181089
1,182,181125
1,182,181253
1,182,181282
1,182,181297
1,182,181341
1,182,181373
1,182,181602
1,182,181654
1,182,181689
1,182,181797
1,182,181930
1,183,182029
1,183,182129
1,183,182145
1,183,182173
1,183,182322
1,183,182432
1,183,182437
1,183,182478
1,183,182559
1,183,182691
1,183,182750
1,183,182831
1,183,182919
1,183,182951
1,184,183059
1,184,183177
1,184,183178
1,184,183217
1,184,183266
1,184,183328
1,184,183592
1,184,183721
1,184,183828
1,184,183822
1,184,183834
1,184,183856
1,184,183975
1,277,276003
1,277,276047
1,277,276078
1,277,276162
1,277,276460
1,277,276465
1,277,276537
1,277,276653
1,277,276822
1,277,276894
1,277,276962
1,277,276968
1,278,277049
1,278,277080
1,278,277086
1,278,277204
1,278,277299
1,278,277384
1,278,277491
1,278,277548
1,278,277571
1,278,277618
1,278,277730
1,278,277745
1,278,277763
1,278,277770
1,278,277776
1,278,277865
1,279,278069
1,279,278126
1,279,278147
1,279,278417
1,279,278456
1,279,278731
1,279,278895
1,279,278914
1,293,292222
1,293,292279
1,293,292343
1,293,292498
1,293,292568
1,293,292722
1,293,292829
1,293,292943
1,293,292954
1,293,292973
1,293,292975
1,294,293009
1,294,293083
1,294,293147
1,294,293230
1,294,293227
1,294,293271
1,294,293282
1,294,293461
1,294,293555
1,294,293572
1,294,293586
1,294,293611
1,294,293696
1,294,293730
1,294,293846
1,294,293987
1,294,293997
1,295,294037
1,295,294059
1,295,294108
1,295,294154
1,295,294303
1,295,294361
1,295,294404
1,295,294550
1,295,294664
1,295,294680
1,295,294686
1,295,294842
1,295,294866
1,295,294906
1,296,295009
1,296,295046
1,296,295090
1,296,295164
1,296,295389
1,296,295517
1,296,295583
1,296,295742
1,296,295743
1,296,295762
1,296,295930
1,320,319015
1,320,319035
1,320,319101
1,320,319116
1,320,319163
1,320,319180
1,320,319413
1,320,319428
1,320,319586
1,320,319714
1,320,319832
1,320,319856
1,333,332009
1,333,332056
1,333,332069
1,333,332171
1,333,332186
1,333,332310
1,333,332404
1,333,332468
1,333,332624
1,333,332651
1,333,332676
1,333,332696
1,333,332856
1,334,333273
1,334,333569
1,334,333601
1,334,333683
1,334,333722
1,334,333726
1,334,333717
1,334,333778
1,334,333810
1,334,333893
1,334,333972
1,334,333983
1,335,334156
1,335,334198
1,335,334248
1,335,334350
1,335,334470
1,335,334560
1,335,334599
1,335,334694
1,335,334903
1,335,334996
1,149,148063
1,149,148072
1,149,148155
1,149,148185
1,149,148229
1,149,148242
1,149,148284
1,149,148576
1,149,148599
1,149,148689
1,149,148744
1,149,148775
1,149,148852
1,149,148867
1,149,148974
1,237,236006
1,237,236075
1,237,236372
1,237,236426
1,237,236485
1,237,236521
1,237,236535
1,237,236607
1,237,236598
1,237,236613
1,237,236789
1,237,236843
1,237,236944
1,238,237053
1,238,237220
1,238,237410
1,238,237466
1,238,237511
1,238,237730
1,238,237821
1,238,237852
1,238,237941
1,238,237940
1,239,238095
1,239,238178
1,239,238285
1,239,238449
1,239,238465
1,239,238585
1,239,238659
1,239,238702
1,239,238727
1,239,238738
1,239,238800
1,239,238811
1,239,238840
1,240,239018
1,240,239299
1,240,239296
1,240,239471
1,240,239533
1,240,239593
1,240,239639
1,240,239656
1,240,239653
1,240,239719
1,240,239729
1,240,239935
1,240,239962
1,336,335237
1,336,335254
1,336,335461
1,336,335465
1,336,335529
1,336,335567
1,336,335878
1,336,335912
1,336,335910
1,336,335992
1,321,320002
1,321,320136
1,321,320171
1,321,320912
1,321,320980
1,322,321050
1,322,321041
1,322,321153
1,322,321226
1,322,321326
1,322,321346
1,322,321382
1,322,321493
1,322,321585
1,322,321724
1,322,321814
1,322,321848
1,322,321941
1,323,322034
1,323,322079
1,323,322135
1,323,322352
1,323,322413
1,323,322542
1,323,322555
1,323,322578
1,323,322666
1,323,322824
1,324,323021
1,324,323293
1,324,323298
1,324,323339
1,324,323445
1,324,323515
1,324,323704
1,324,323790
1,337,336160
1,337,336239
1,337,336279
1,337,336275
1,337,336427
1,337,336511
1,337,336848
1,337,336892
1,337,336968
1,338,337038
1,338,337117
1,338,337145
1,338,337597
1,338,337605
1,338,337654
1,338,337669
1,338,337732
1,338,337806
1,338,337840
1,338,337952
1,338,337940
1,339,338145
1,339,338169
1,339,338239
1,339,338301
1,339,338407
1,339,338488
1,339,338770
1,340,339088
1,340,339191
1,340,339240
1,340,339248
1,340,339359
1,340,339427
1,340,339473
1,340,339484
1,340,339543
1,340,339553
1,340,339573
1,340,339580
1,340,339606
1,340,339673
1,340,339719
1,340,339766
1,340,339785
1,340,339923
1,340,339980
1,461,460006
1,461,460022
1,461,460136
1,461,460284
1,461,460320
1,461,460391
1,461,460400
1,461,460823
1,461,460824
1,461,460856
1,461,460985
1,461,460989
1,462,461135
1,462,461171
1,462,461200
1,462,461222
1,462,461275
1,462,461376
1,462,461448
1,462,461477
1,462,461540
1,462,461569
1,462,461770
1,462,461816
1,462,461900
1,462,461984
1,463,462029
1,463,462192
1,463,462199
1,463,462295
1,463,462336
1,463,462444
1,463,462485
1,463,462500
1,463,462688
1,463,462711
1,463,462895
1,464,463022
1,464,463090
1,464,463261
1,464,463258
1,464,463271
1,464,463278
1,464,463373
1,464,463378
1,464,463581
1,464,463597
1,464,463734
1,464,463813
1,464,463827
1,464,463974
1,464,463971
1,464,463977
1,101,100317
1,101,100399
1,101,100471
1,101,100640
1,101,100727
1,101,100816
1,101,100892
1,102,101002
1,102,101010
1,102,101033
1,102,101110
1,102,101120
1,102,101142
1,102,101154
1,102,101183
1,102,101629
1,102,101617
1,102,101638
1,102,101762
1,102,101844
1,102,101929
1,102,101985
1,102,101997
1,103,102011
1,103,102058
1,103,102091
1,103,102096
1,103,102225
1,103,102322
1,103,102339
1,103,102459
1,103,102486
1,103,102522
1,103,102530
1,103,102564
1,103,102703
1,103,102818
1,103,102916
1,104,103021
1,104,103074
1,104,103047
1,104,103208
1,104,103217
1,104,103233
1,104,103253
1,104,103431
1,104,103585
1,104,103573
1,104,103600
1,104,103805
1,104,103814
1,104,103866
1,104,103869
1,104,103891
1,104,103961
1,121,120026
1,121,120081
1,121,120461
1,121,120476
1,121,120810
1,121,120833
1,121,120859
1,121,120909
1,121,120972
1,122,121125
1,122,121245
1,122,121331
1,122,121373
1,122,121465
1,122,121557
1,122,121563
1,122,121655
1,122,121690
1,122,121743
1,122,121830
1,122,121841
1,122,121909
1,123,122056
1,123,122231
1,123,122308
1,123,122296
1,123,122317
1,123,122354
1,123,122439
1,123,122437
1,123,122455
1,123,122526
1,123,122701
1,123,122747
1,123,122848
1,123,122952
1,124,123152
1,124,123296
1,124,123305
1,124,123386
1,124,123398
1,124,123410
1,124,123464
1,124,123482
1,124,123508
1,124,123523
1,124,123681
1,124,123799
1,124,123809
1,124,123969
1,153,152056
1,153,152095
1,153,152287
1,153,152338
1,153,152695
1,153,152803
1,153,152957
1,153,152976
1,154,153036
1,154,153139
1,154,153174
1,154,153475
1,154,153483
1,154,153610
1,154,153655
1,154,153837
1,154,153873
1,154,153949
1,155,154020
1,155,154064
1,155,154170
1,155,154176
1,155,154270
1,155,154294
1,155,154317
1,155,154486
1,155,154537
1,155,154536
1,155,154557
1,155,154562
1,155,154647
1,155,154657
1,155,154829
1,155,154920
1,156,155171
1,156,155337
1,156,155434
1,156,155470
1,156,155531
1,156,155580
1,156,155688
1,156,155701
1,156,155966
1,161,160024
1,161,160191
1,161,160247
1,161,160296
1,161,160331
1,161,160536
1,161,160716
1,161,160842
1,161,160874
1,161,160986
1,162,161230
1,162,161351
1,162,161352
1,162,161377
1,162,161404
1,162,161467
1,162,161663
1,162,161704
1,162,161749
1,162,161765
1,162,161834
1,162,161865
1,162,161874
1,162,161935
1,163,162001
1,163,162067
1,163,162266
1,163,162315
1,163,162340
1,163,162440
1,163,162525
1,163,162657
1,163,162694
1,163,162782
1,163,162783
1,163,162958
1,164,163050
1,164,163109
1,164,163177
1,164,163194
1,164,163224
1,164,163290
1,164,163713
1,164,163720
1,164,163808
1,164,163860
1,164,163969
1,157,156061
1,157,156287
1,157,156410
1,157,156437
1,157,156492
1,157,156599
1,157,156612
1,157,156752
1,157,156812
1,157,156853
1,157,156960
1,158,157038
1,158,157033
1,158,157061
1,158,157113
1,158,157132
1,158,157184
1,158,157209
1,158,157289
1,158,157600
1,158,157636
1,158,157660
1,158,157711
1,160,159051
1,160,159088
1,160,159095
1,160,159236
1,160,159333
1,160,159463
1,160,159483
1,160,159491
1,160,159500
1,160,159579
1,160,159588
1,160,159679
1,160,159768
1,160,159756
1,160,159917
1,160,159968
1,160,159960
1,192,191021
1,192,191026
1,192,191039
1,192,191048
1,192,191189
1,192,191403
1,192,191451
1,192,191501
1,192,191570
1,192,191604
1,192,191667
1,192,191689
1,192,191801
1,192,191899
1,350,349021
1,350,349047
1,350,349171
1,350,349187
1,350,349194
1,350,349275
1,350,349377
1,350,349402
1,350,349412
1,350,349514
1,350,349623
1,350,349644
1,350,349652
1,350,349656
1,350,349684
1,350,349695
1,350,349729
1,350,349769
1,350,349748
1,350,349857
1,351,350101
1,351,350156
1,351,350200
1,351,350274
1,351,350496
1,351,350524
1,351,350634
1,351,350728
1,351,350730
1,351,350963
1,352,351012
1,352,351045
1,352,351084
1,352,351215
1,352,351278
1,352,351312
1,352,351309
1,352,351327
1,352,351404
1,352,351546
1,352,351545
1,352,351805
1,352,351967
1,443,442072
1,443,442078
1,443,442123
1,443,442204
1,443,442315
1,443,442452
1,443,442455
1,443,442484
1,443,442606
1,443,442613
1,443,442647
1,443,442670
1,443,442708
1,443,442848
1,443,442861
1,443,442903
1,443,442926
1,396,395027
1,396,395029
1,396,395174
1,396,395171
1,396,395420
1,396,395458
1,396,395609
1,396,395605
1,396,395622
1,396,395737
1,396,395780
1,396,395874
1,433,432029
1,433,432057
1,433,432076
1,433,432329
1,433,432564
1,433,432595
1,433,432635
1,433,432715
1,433,432759
1,433,432778
1,433,432781
1,433,432826
1,433,432838
1,433,432845
1,433,432859
1,434,433038
1,434,433050
1,434,433224
1,434,433219
1,434,433289
1,434,433337
1,434,433537
1,434,433814
1,434,433994
1,435,434010
1,435,434091
1,435,434188
1,435,434261
1,435,434290
1,435,434493
1,435,434513
1,435,434566
1,435,434588
1,435,434597
1,435,434724
1,435,434732
1,435,434793
1,436,435007
1,436,435073
1,436,435086
1,436,435125
1,436,435248
1,436,435245
1,436,435262
1,436,435310
1,436,435333
1,436,435399
1,436,435572
1,436,435604
1,436,435622
1,436,435642
1,436,435721
1,436,435843
1,436,435851
1,436,435943
1,436,435992
1,445,444346
1,445,444657
1,445,444674
1,445,444712
1,445,444745
1,446,445182
1,446,445854
1,447,446109
1,447,446118
1,447,446184
1,447,446214
1,447,446317
1,447,446346
1,447,446434
1,447,446662
1,447,446711
1,447,446776
1,447,446788
1,447,446863
1,447,446955
1,447,446988
1,177,176365
1,177,176493
1,177,176664
1,177,176732
1,177,176784
1,177,176793
1,178,177116
1,178,177148
1,178,177168
1,178,177181
1,178,177380
1,178,177431
1,178,177463
1,178,177480
1,178,177559
1,178,177572
1,178,177709
1,178,177773
1,178,177787
1,178,177794
1,179,178062
1,179,178142
1,179,178268
1,179,178305
1,179,178393
1,179,178453
1,179,178462
1,179,178562
1,179,178564
1,179,178724
1,179,178748
1,180,179030
1,180,179303
1,180,179339
1,180,179383
1,180,179396
1,180,179561
1,180,179565
1,180,179609
1,180,179797
1,180,179825
1,180,179824
1,180,179835
1,477,476101
1,477,476159
1,477,476192
1,477,476461
1,477,476577
1,477,476628
1,477,476772
1,477,476845
1,477,476842
1,477,476879
1,477,476913
1,478,477009
1,478,477128
1,478,477158
1,478,477348
1,478,477395
1,478,477407
1,478,477416
1,478,477492
1,478,477520
1,478,477618
1,478,477739
1,478,477782
1,478,477863
1,478,477907
1,478,477938
1,478,477949
1,478,477957
1,479,478002
1,479,478067
1,479,478130
1,479,478163
1,479,478168
1,479,478522
1,479,478565
1,479,478642
1,479,478647
1,479,478788
1,479,478848
1,479,478869
1,479,478873
1,480,479077
1,480,479086
1,480,479111
1,480,479211
1,480,479239
1,480,479240
1,480,479324
1,480,479566
1,480,479670
1,480,479717
1,480,479892
1,480,479920
1,480,479936
1,409,408200
1,409,408211
1,409,408338
1,409,408376
1,409,408417
1,409,408494
1,409,408489
1,409,408490
1,409,408580
1,409,408601
1,409,408731
1,409,408754
1,409,408861
1,410,409039
1,410,409107
1,410,409125
1,410,409126
1,410,409122
1,410,409333
1,410,409403
1,410,409396
1,410,409468
1,410,409581
1,410,409619
1,410,409724
1,410,409743
1,411,410439
1,411,410537
1,411,410542
1,411,410718
1,411,410975
1,411,411000
1,412,411006
1,412,411048
1,412,411110
1,412,411141
1,412,411193
1,412,411191
1,412,411295
1,412,411687
1,412,411755
1,412,411848
1,412,411903
1,159,158104
1,159,158215
1,159,158243
1,159,158305
1,159,158336
1,159,158346
1,159,158462
1,159,158487
1,159,158600
1,159,158709
1,159,158724
1,159,158732
1,159,158992
1,189,188023
1,189,188258
1,189,188404
1,190,189016
1,190,189049
1,190,189075
1,190,189142
1,190,189140
1,190,189220
1,190,189276
1,190,189284
1,190,189316
1,190,189312
1,190,189350
1,190,189437
1,190,189483
1,190,189995
1,191,190074
1,191,190100
1,191,190328
1,191,190345
1,191,190622
1,191,190636
1,191,190679
1,191,190805
1,191,190858
1,191,190889
1,191,190932
1,349,348071
1,349,348122
1,349,348247
1,349,348242
1,349,348374
1,349,348410
1,349,348506
1,349,348509
1,349,348526
1,349,348709
1,349,348723
1,349,348768
1,349,348869
1,349,348885
1,349,348948
1,441,440032
1,441,440073
1,441,440075
1,441,440313
1,441,440345
1,441,440479
1,441,440518
1,441,440570
1,441,440579
1,441,440600
1,441,440645
1,441,440892
1,441,440894
1,442,441076
1,442,441202
1,442,441457
1,442,441481
1,442,441605
1,442,441775
1,442,441876
1,442,441974
1,444,443047
1,444,443080
1,444,443121
1,444,443147
1,444,443329
1,444,443366
1,444,443415
1,444,443455
1,444,443479
1,444,443476
1,444,443787
1,493,492072
1,493,492081
1,493,492122
1,493,492268
1,493,492399
1,493,492575
1,493,492677
1,493,492686
1,493,492690
1,493,492787
1,493,492845
1,493,492849
1,493,492851
1,493,492865
1,494,493410
1,494,493445
1,494,493512
1,494,493565
1,494,493837
1,494,493907
1,494,493951
1,494,493997
1,494,493994
1,495,494031
1,495,494062
1,495,494297
1,495,494403
1,495,494408
1,495,494440
1,495,494478
1,495,494613
1,495,494655
1,495,494657
1,495,494744
1,495,494745
1,495,494771
1,495,494837
1,495,494827
1,495,494842
1,495,494853
1,495,494909
1,495,494953
1,495,494965
1,496,495068
1,496,495085
1,496,495205
1,496,495215
1,496,495269
1,496,495272
1,496,495390
1,496,495460
1,496,495465
1,496,495597
1,496,495610
1,496,495682
1,496,495773
1,496,495831
1,496,495990
1,17,16006
1,17,16022
1,17,16039
1,17,16089
1,17,16146
1,17,16155
1,17,16368
1,17,16402
1,17,16406
1,17,16472
1,17,16479
1,17,16507
1,17,16574
1,17,16683
1,17,16736
1,17,16767
1,17,16837
1,17,16879
1,17,16917
1,18,17119
1,18,17156
1,18,17175
1,18,17319
1,18,17602
1,18,17616
1,18,17820
1,18,17895
1,19,18100
1,19,18140
1,19,18200
1,19,18218
1,19,18255
1,19,18262
1,19,18355
1,19,18391
1,19,18424
1,19,18632
1,19,18811
1,19,18776
1,19,18869
1,20,19029
1,20,19068
1,20,19080
1,20,19115
1,20,19198
1,20,19243
1,20,19266
1,20,19317
1,20,19375
1,20,19388
1,20,19482
1,20,19540
1,20,19575
1,20,19596
1,20,19722
1,20,19920
1,305,304068
1,305,304079
1,305,304085
1,305,304100
1,305,304225
1,305,304287
1,305,304304
1,305,304387
1,305,304457
1,305,304528
1,305,304665
1,305,304716
1,305,304699
1,305,304755
1,305,304832
1,305,304873
1,305,304884
1,305,304931
1,305,304968
1,306,305006
1,306,305015
1,306,305031
1,306,305146
1,306,305289
1,306,305296
1,306,305320
1,306,305438
1,306,305580
1,306,305675
1,306,305697
1,306,305795
1,307,306010
1,307,306042
1,307,306410
1,307,306589
1,308,307087
1,308,307088
1,308,307147
1,308,307169
1,308,307282
1,308,307285
1,308,307591
1,308,307629
1,308,307637
1,308,307652
1,308,307682
1,308,307737
1,308,307819
1,308,307863
1,308,307873
1,308,307913
1,261,260189
1,261,260188
1,261,260203
1,261,260293
1,261,260294
1,261,260406
1,261,260472
1,261,260536
1,261,260554
1,261,260624
1,261,260922
1,261,260933
1,262,261021
1,262,261064
1,262,261085
1,262,261222
1,262,261235
1,262,261321
1,262,261518
1,262,261652
1,262,261755
1,262,261808
1,262,261890
1,262,261888
1,263,262045
1,263,262076
1,263,262114
1,263,262227
1,263,262233
1,263,262274
1,263,262296
1,263,262347
1,263,262375
1,263,262504
1,263,262627
1,263,262660
1,263,262637
1,263,262717
1,263,262734
1,263,262910
1,263,262939
1,263,262991
1,264,263035
1,264,263069
1,264,263166
1,264,263183
1,264,263372
1,264,263464
1,264,263471
1,264,263524
1,264,263802
1,264,263851
1,264,263992
1,397,396012
1,397,396104
1,397,396246
1,397,396313
1,397,396337
1,397,396377
1,397,396449
1,397,396985
1,397,396988
1,398,397004
1,398,397117
1,398,397237
1,398,397283
1,398,397336
1,398,397403
1,398,397426
1,398,397447
1,398,397466
1,398,397537
1,398,397712
1,398,397838
1,398,397889
1,398,397895
1,398,397971
1,399,398445
1,399,398486
1,399,398541
1,399,398663
1,399,398681
1,399,398711
1,399,398744
1,399,398822
1,399,398854
1,400,399095
1,400,399337
1,400,399419
1,400,399536
1,400,399555
1,400,399605
1,400,399607
1,400,399649
1,400,399818
1,400,399985
1,301,300024
1,301,300086
1,301,300181
1,301,300297
1,301,300317
1,301,300379
1,301,300526
1,301,300535
1,301,300569
1,301,300712
1,301,300777
1,301,300775
1,301,300874
1,302,301217
1,302,301220
1,302,301244
1,302,301338
1,302,301445
1,302,301500
1,302,301555
1,302,301626
1,302,301637
1,302,301692
1,302,301711
1,302,301696
1,302,301774
1,302,301848
1,302,301869
1,302,301942
1,302,301985
1,303,302168
1,303,302207
1,303,302280
1,303,302421
1,303,302452
1,303,302631
1,303,302669
1,303,302694
1,303,302715
1,303,302929
1,304,303174
1,304,303196
1,304,303276
1,304,303280
1,304,303304
1,304,303343
1,304,303394
1,304,303598
1,304,303603
1,304,303617
1,304,303626
1,304,303731
1,304,303825
1,304,303877
1,304,303901
1,304,303959
1,73,72113
1,73,72182
1,73,72336
1,73,72449
1,73,72539
1,73,72628
1,73,72657
1,73,72830
1,73,72848
1,73,72904
1,74,73009
1,74,73033
1,74,73078
1,74,73104
1,74,73240
1,74,73283
1,74,73418
1,74,73448
1,74,73603
1,74,73668
1,74,73692
1,74,73835
1,74,73881
1,74,73921
1,74,73933
1,75,74081
1,75,74202
1,75,74331
1,75,74582
1,75,74605
1,75,74648
1,75,74659
1,75,74762
1,75,74766
1,75,74822
1,76,75078
1,76,75084
1,76,75154
1,76,75264
1,76,75281
1,76,75490
1,76,75534
1,76,75537
1,76,75588
1,76,75619
1,76,75621
1,76,75670
1,81,80036
1,81,80212
1,81,80219
1,81,80239
1,81,80549
1,81,80600
1,81,80706
1,81,80747
1,81,80758
1,81,80770
1,81,80890
1,81,80899
1,81,80935
1,81,80921
1,81,80958
1,82,81197
1,82,81245
1,82,81242
1,82,81353
1,82,81383
1,82,81399
1,82,81390
1,82,81479
1,82,81508
1,82,81584
1,83,82047
1,83,82067
1,83,82083
1,83,82093
1,83,82150
1,83,82144
1,83,82214
1,83,82224
1,83,82350
1,83,82419
1,83,82523
1,83,82558
1,83,82708
1,84,83171
1,84,83211
1,84,83317
1,84,83354
1,84,83381
1,84,83555
1,84,83564
1,84,83578
1,84,83598
1,84,83601
1,84,83622
1,84,83625
1,84,83747
1,84,83802
1,84,83817
1,84,83975
1,84,83995
1,109,108067
1,109,108084
1,109,108268
1,109,108341
1,109,108376
1,109,108404
1,109,108636
1,109,108677
1,109,108693
1,109,108724
1,109,108709
1,109,108781
1,110,109118
1,110,109236
1,110,109309
1,110,109409
1,110,109535
1,110,109543
1,110,109612
1,110,109645
1,110,109722
1,111,110076
1,111,110069
1,111,110124
1,111,110139
1,111,110378
1,111,110463
1,111,110487
1,111,110523
1,111,110551
1,111,110649
1,111,110859
1,111,110970
1,111,110988
1,112,111091
1,112,111126
1,112,111181
1,112,111453
1,112,111457
1,112,111496
1,112,111724
1,112,111769
1,112,111799
1,112,111842
1,113,112076
1,113,112080
1,113,112228
1,113,112319
1,113,112403
1,113,112459
1,113,112469
1,113,112576
1,113,112593
1,113,112639
1,113,112649
1,113,112839
1,114,113173
1,114,113188
1,114,113213
1,114,113234
1,114,113284
1,114,113319
1,114,113462
1,114,113512
1,114,113542
1,114,113559
1,114,113745
1,114,113818
1,193,192018
1,193,192067
1,193,192056
1,193,192254
1,193,192271
1,193,192347
1,193,192390
1,193,192632
1,193,192679
1,193,192759
1,193,192784
1,193,192856
1,193,192954
1,193,192984
1,194,193093
1,194,193087
1,194,193230
1,194,193359
1,194,193393
1,194,193430
1,194,193463
1,194,193510
1,194,193559
1,194,193574
1,194,193622
1,194,193620
1,194,193783
1,194,193817
1,194,193878
1,194,193936
1,195,194074
1,195,194054
1,195,194117
1,195,194112
1,195,194154
1,195,194160
1,195,194304
1,195,194532
1,195,194855
1,195,194883
1,195,194937
1,196,195056
1,196,195170
1,196,195180
1,196,195215
1,196,195220
1,196,195392
1,196,195457
1,196,195560
1,196,195606
1,196,195683
1,196,195781
1,196,195886
1,469,468065
1,469,468207
1,469,468252
1,469,468304
1,469,468362
1,469,468404
1,469,468611
1,469,468622
1,469,468643
1,470,469043
1,470,469108
1,470,469462
1,470,469495
1,470,469619
1,470,469642
1,470,469670
1,470,469926
1,471,470005
1,471,470073
1,471,470103
1,471,470134
1,471,470295
1,471,470651
1,471,470681
1,471,470831
1,471,470845
1,471,470867
1,471,470861
1,471,470919
1,472,471081
1,472,471183
1,472,471206
1,472,471254
1,472,471255
1,472,471271
1,472,471270
1,472,471406
1,472,471492
1,472,471609
1,472,471701
1,472,471817
1,472,471954
1,117,116013
1,117,116077
1,117,116097
1,117,116239
1,117,116253
1,117,116286
1,117,116374
1,117,116418
1,117,116477
1,117,116499
1,117,116523
1,117,116564
1,117,116730
1,117,116780
1,118,117006
1,118,117292
1,118,117343
1,118,117584
1,118,117611
1,118,117625
1,118,117842
1,119,118003
1,119,118056
1,119,118183
1,119,118184
1,119,118318
1,119,118437
1,119,118512
1,119,118527
1,119,118551
1,119,118577
1,119,118626
1,119,118981
1,120,119140
1,120,119179
1,120,119220
1,120,119364
1,120,119468
1,120,119479
1,120,119568
1,120,119591
1,120,119836
1,120,119955
1,129,128058
1,129,128158
1,129,128198
1,129,128292
1,129,128346
1,129,128427
1,129,128489
1,129,128789
1,129,128902
1,129,128965
1,130,129148
1,130,129236
1,130,129475
1,130,129722
1,131,130027
1,131,130115
1,131,130238
1,131,130261
1,131,130405
1,131,130738
1,131,130901
1,131,130904
1,132,131044
1,132,131059
1,132,131058
1,132,131069
1,132,131080
1,132,131251
1,132,131283
1,132,131320
1,132,131555
1,132,131560
1,132,131584
1,132,131590
1,132,131677
1,132,131783
1,132,131785
1,132,131882
1,145,144367
1,145,144741
1,145,144764
1,145,144817
1,145,144843
1,145,144963
1,145,144958
1,145,144996
1,145,144999
1,146,145001
1,146,145016
1,146,145018
1,146,145026
1,146,145048
1,146,145075
1,146,145149
1,146,145211
1,146,145274
1,146,145346
1,146,145388
1,146,145410
1,146,145427
1,146,145562
1,146,145572
1,146,145605
1,146,145650
1,146,145658
1,146,145780
1,146,145843
1,146,145933
1,146,145968
1,147,146032
1,147,146078
1,147,146094
1,147,146145
1,147,146191
1,147,146555
1,147,146580
1,147,146597
1,147,146720
1,147,146790
1,147,146782
1,147,146806
1,147,146859
1,147,146884
1,147,146888
1,147,146967
1,148,147031
1,148,147273
1,148,147293
1,148,147440
1,148,147512
1,148,147572
1,148,147879
1,173,172014
1,173,172021
1,173,172076
1,173,172155
1,173,172176
1,173,172216
1,173,172263
1,173,172506
1,173,172539
1,173,172651
1,173,172717
1,173,172993
1,174,173258
1,174,173378
1,174,173462
1,174,173648
1,174,173720
1,174,173723
1,174,173738
1,174,173746
1,174,173882
1,174,173913
1,174,173914
1,174,173906
1,175,174101
1,175,174164
1,175,174163
1,175,174398
1,175,174571
1,175,174586
1,175,174590
1,175,174623
1,175,174657
1,175,174680
1,175,174713
1,175,174747
1,175,174865
1,175,174875
1,175,174979
1,176,175019
1,176,175031
1,176,175165
1,176,175175
1,176,175214
1,176,175247
1,176,175258
1,176,175321
1,176,175338
1,176,175334
1,176,175345
1,176,175412
1,176,175411
1,176,175479
1,176,175499
1,176,175876
1,176,175899
1,176,175940
1,273,272294
1,273,272301
1,273,272334
1,273,272335
1,273,272385
1,273,272746
1,273,272848
1,273,272900
1,273,272926
1,274,273111
1,274,273195
1,274,273264
1,274,273279
1,274,273286
1,274,273317
1,274,273387
1,274,273495
1,274,273577
1,274,273677
1,274,273730
1,274,273775
1,274,273824
1,274,273844
1,274,273861
1,274,273850
1,274,273888
1,274,273917
1,275,274039
1,275,274042
1,275,274118
1,275,274168
1,275,274234
1,275,274331
1,275,274494
1,275,274571
1,275,274793
1,276,275111
1,276,275150
1,276,275162
1,276,275181
1,276,275233
1,276,275273
1,276,275298
1,276,275296
1,276,275291
1,276,275606
1,276,275627
1,276,275687
1,276,275805
1,276,275942
1,276,275965
1,285,284015
1,285,284065
1,285,284162
1,285,284303
1,285,284351
1,285,284633
1,285,284652
1,285,284749
1,285,284900
1,286,285068
1,286,285142
1,286,285197
1,286,285337
1,286,285375
1,286,285762
1,286,285849
1,286,285886
1,287,286021
1,287,286053
1,287,286087
1,287,286126
1,287,286157
1,287,286153
1,287,286221
1,287,286234
1,287,286249
1,287,286250
1,287,286301
1,287,286339
1,287,286401
1,287,286435
1,287,286462
1,287,286555
1,287,286682
1,287,286713
1,287,286800
1,287,286841
1,287,286854
1,288,287035
1,288,287103
1,288,287164
1,288,287196
1,288,287278
1,288,287315
1,288,287357
1,288,287401
1,288,287551
1,288,287554
1,288,287614
1,288,287681
1,288,287732
1,288,287875
1,288,287916
1,288,287932
1,288,287961
1,481,480003
1,481,480061
1,481,480058
1,481,480060
1,481,480281
1,481,480447
1,481,480470
1,481,480473
1,481,480499
1,481,480540
1,481,480567
1,481,480590
1,481,480621
1,481,480645
1,481,480663
1,481,480730
1,481,480757
1,481,480763
1,481,480827
1,481,480968
1,482,481022
1,482,481030
1,482,481102
1,482,481138
1,482,481155
1,482,481164
1,482,481167
1,482,481430
1,482,481468
1,482,481478
1,482,481558
1,482,481557
1,482,481628
1,482,481772
1,482,481810
1,482,481874
1,482,481986
1,483,482010
1,483,482073
1,483,482157
1,483,482251
1,483,482265
1,483,482277
1,483,482434
1,483,482614
1,483,482672
1,483,482842
1,484,483088
1,484,483127
1,484,483171
1,484,483189
1,484,483232
1,484,483227
1,484,483413
1,484,483526
1,484,483655
1,325,324117
1,325,324145
1,325,324277
1,325,324320
1,325,324418
1,325,324608
1,325,324714
1,325,324888
1,325,324933
1,325,324954
1,326,325226
1,326,325311
1,326,325359
1,326,325434
1,326,325440
1,326,325489
1,326,325598
1,326,325693
1,326,325800
1,326,325856
1,326,325919
1,326,325941
1,326,325998
1,327,326014
1,327,326080
1,327,326135
1,327,326273
1,327,326302
1,327,326382
1,327,326403
1,327,326419
1,327,326453
1,327,326598
1,327,326636
1,327,326714
1,327,326725
1,327,326797
1,327,326879
1,327,326901
1,328,327032
1,328,327109
1,328,327197
1,328,327233
1,328,327472
1,328,327701
1,328,327702
1,328,327708
1,341,340095
1,341,340145
1,341,340157
1,341,340249
1,341,340371
1,341,340438
1,341,340463
1,341,340590
1,341,340638
1,341,340796
1,341,340973
1,342,341041
1,342,341092
1,342,341133
1,342,341168
1,342,341201
1,342,341211
1,342,341233
1,342,341264
1,342,341293
1,342,341452
1,342,341546
1,342,341668
1,342,341955
1,343,342018
1,343,342275
1,343,342348
1,343,342416
1,343,342599
1,343,342651
1,343,342660
1,343,342744
1,343,342881
1,343,342886
1,343,342921
1,343,342974
1,344,343068
1,344,343062
1,344,343266
1,344,343489
1,344,343611
1,344,343806
1,344,343926
1,367,366108
1,367,366202
1,367,366211
1,367,366266
1,367,366274
1,367,366272
1,367,366327
1,367,366343
1,367,366361
1,367,366454
1,367,366469
1,367,366596
1,367,366705
1,368,367140
1,368,367161
1,368,367183
1,368,367213
1,368,367419
1,368,367487
1,368,367653
1,368,367937
1,373,372044
1,373,372103
1,373,372125
1,373,372265
1,373,372362
1,373,372499
1,373,372643
1,373,372647
1,373,372663
1,373,372881
1,373,372920
1,376,375045
1,376,375062
1,376,375054
1,376,375165
1,376,375402
1,376,375431
1,376,375579
1,376,375672
1,376,375756
1,376,375766
1,376,375889
1,376,375890
1,376,375963
1,280,279159
1,280,279295
1,280,279462
1,280,279671
1,280,279645
1,280,279677
1,280,279697
1,280,279815
1,280,279841
1,280,279867
1,317,316041
1,317,316069
1,317,316102
1,317,316113
1,317,316257
1,317,316612
1,317,316793
1,317,316880
1,317,316890
1,317,316897
1,317,316929
1,318,317106
1,318,317113
1,318,317453
1,318,317466
1,318,317514
1,318,317563
1,318,317561
1,318,317597
1,318,317598
1,318,317656
1,318,317859
1,318,317886
1,318,317889
1,318,317917
1,318,317923
1,319,318103
1,319,318111
1,319,318213
1,319,318289
1,319,318336
1,319,318420
1,319,318440
1,319,318627
1,319,318940
1,355,354074
1,355,354090
1,355,354259
1,355,354289
1,355,354351
1,355,354395
1,355,354542
1,355,354543
1,355,354634
1,355,354632
1,355,354651
1,355,354929
1,356,355141
1,356,355254
1,356,355333
1,356,355423
1,356,355402
1,356,355501
1,356,355704
1,356,355758
1,356,355743
1,356,355779
1,356,355923
1,356,355952
1,370,369032
1,370,369052
1,370,369054
1,370,369155
1,370,369311
1,370,369314
1,370,369425
1,370,369489
1,370,369613
1,370,369647
1,370,369784
1,370,369804
1,370,369877
1,370,369968
1,372,371029
1,372,371040
1,372,371176
1,372,371479
1,372,371481
1,372,371509
1,372,371584
1,372,371610
1,372,371785
1,372,371822
1,372,371967
1,377,376069
1,377,376173
1,377,376332
1,377,376375
1,377,376381
1,377,376411
1,377,376517
1,377,376701
1,377,376731
1,377,376793
1,377,376836
1,377,376906
1,378,377146
1,378,377144
1,378,377216
1,378,377513
1,378,377599
1,378,377643
1,378,377710
1,378,377758
1,378,377902
1,378,377989
1,379,378039
1,379,378064
1,379,378160
1,379,378258
1,379,378409
1,379,378511
1,379,378600
1,379,378699
1,379,378721
1,379,378790
1,379,378845
1,380,379130
1,380,379386
1,380,379462
1,380,379523
1,380,379587
1,380,379597
1,380,379613
1,380,379661
1,380,379685
1,380,379719
1,380,379726
1,380,379798
1,380,379870
1,380,379891
1,21,20054
1,21,20128
1,21,20149
1,21,20184
1,21,20252
1,21,20277
1,21,20333
1,21,20632
1,21,20751
1,21,20766
1,21,20879
1,21,20886
1,21,20997
1,22,21005
1,22,21389
1,22,21388
1,22,21437
1,22,21726
1,22,21768
1,22,21775
1,22,21868
1,22,21878
1,23,22071
1,23,22122
1,23,22134
1,23,22239
1,23,22310
1,23,22394
1,23,22579
1,23,22614
1,23,22664
1,24,23140
1,24,23176
1,24,23207
1,24,23293
1,24,23297
1,24,23307
1,24,23319
1,24,23342
1,24,23690
1,24,23831
1,24,23960
1,29,28002
1,29,28020
1,29,28058
1,29,28136
1,29,28241
1,29,28324
1,29,28425
1,29,28418
1,29,28590
1,29,28759
1,29,28885
1,29,28916
1,29,28952
1,30,29142
1,30,29156
1,30,29293
1,30,29544
1,30,29620
1,30,29732
1,30,29823
1,30,29898
1,30,29912
1,31,30008
1,31,30259
1,31,30357
1,31,30469
1,31,30630
1,31,30627
1,31,30831
1,31,30853
1,31,30870
1,32,31048
1,32,31054
1,32,31378
1,32,31418
1,32,31593
1,32,31659
1,32,31746
1,32,31735
1,32,31820
1,32,31888
1,32,31935
1,32,31993
1,281,280016
1,281,280070
1,281,280316
1,281,280368
1,281,280472
1,281,280583
1,281,280735
1,281,280782
1,281,280815
1,281,280847
1,281,280911
1,281,280962
1,282,281038
1,282,281071
1,282,281124
1,282,281113
1,282,281142
1,282,281188
1,282,281221
1,282,281267
1,282,281427
1,282,281505
1,282,281538
1,282,281567
1,282,281652
1,282,281654
1,282,281704
1,282,281877
1,282,281894
1,282,281963
1,283,282085
1,283,282087
1,283,282107
1,283,282198
1,283,282299
1,283,282301
1,283,282390
1,283,282442
1,283,282487
1,283,282497
1,283,282761
1,283,282845
1,283,282898
1,283,282955
1,284,283020
1,284,283161
1,284,283171
1,284,283252
1,284,283427
1,284,283524
1,284,283581
1,284,283644
1,284,283652
1,284,283681
1,284,283692
1,284,283930
1,284,283941
1,284,283953
1,297,296493
1,297,296513
1,297,296938
1,297,296966
1,298,297177
1,298,297297
1,298,297438
1,298,297480
1,298,297599
1,298,297651
1,298,297686
1,299,298039
1,299,298083
1,299,298135
1,299,298333
1,299,298396
1,299,298516
1,299,298546
1,299,298588
1,299,298642
1,299,298636
1,299,298679
1,300,299063
1,300,299126
1,300,299332
1,300,299405
1,300,299505
1,300,299704
1,300,299703
1,300,299811
1,300,299839
1,300,299892
1,405,404035
1,405,404055
1,405,404151
1,405,404158
1,405,404154
1,405,404199
1,405,404351
1,405,404377
1,405,404469
1,405,404562
1,405,404672
1,405,404668
1,405,404953
1,405,405000
1,406,405130
1,406,405246
1,406,405530
1,406,405696
1,406,405722
1,406,405772
1,406,405861
1,406,405994
1,406,405998
1,407,406017
1,407,406145
1,407,406257
1,407,406603
1,407,406719
1,407,406792
1,408,407034
1,408,407089
1,408,407097
1,408,407096
1,408,407162
1,408,407180
1,408,407390
1,408,407437
1,408,407550
1,408,407574
1,408,407645
1,408,407782
1,408,407872
1,408,407876
1,413,412057
1,413,412068
1,413,412216
1,413,412224
1,413,412209
1,413,412258
1,413,412362
1,413,412434
1,413,412454
1,413,412532
1,413,412799
1,414,413031
1,414,413279
1,414,413411
1,414,413421
1,414,413477
1,414,413516
1,414,413532
1,414,413808
1,415,414068
1,415,414299
1,415,414328
1,415,414324
1,415,414350
1,415,414697
1,415,414758
1,415,414792
1,415,414915
1,415,414950
1,416,415077
1,416,415263
1,416,415316
1,416,415435
1,416,415604
1,416,415645
1,416,415795
1,416,415823
1,417,416154
1,417,416338
1,417,416329
1,417,416514
1,417,416534
1,417,416571
1,417,416584
1,417,416587
1,417,416607
1,417,416601
1,417,416616
1,417,416664
1,417,416717
1,417,416809
1,417,416808
1,417,416959
1,418,417033
1,418,417063
1,418,417078
1,418,417135
1,418,417200
1,418,417270
1,418,417424
1,418,417438
1,418,417697
1,418,417822
1,418,417826
1,418,417851
1,418,417976
1,419,418093
1,419,418141
1,419,418164
1,419,418176
1,419,418273
1,419,418325
1,419,418786
1,419,418842
1,419,418875
1,419,418934
1,420,419036
1,420,419151
1,420,419178
1,420,419304
1,420,419328
1,420,419435
1,420,419526
1,420,419568
1,420,419610
1,420,419738
1,420,419823
1,420,419925
1,420,419945
1,421,420097
1,421,420139
1,421,420199
1,421,420288
1,421,420334
1,421,420444
1,421,420451
1,421,420433
1,421,420505
1,421,420514
1,421,420557
1,421,420604
1,421,420740
1,421,420828
1,421,420888
1,421,420965
1,421,420973
1,421,420995
1,422,421236
1,422,421274
1,422,421358
1,422,421378
1,422,421493
1,422,421624
1,422,421655
1,422,421716
1,422,421790
1,422,421900
1,422,421977
1,423,422066
1,423,422182
1,423,422208
1,423,422225
1,423,422359
1,423,422487
1,423,422677
1,423,422711
1,423,422762
1,423,422962
1,424,423289
1,424,423453
1,424,423461
1,424,423611
1,424,423849
1,424,423888
1,424,423918
1,424,423955
1,424,423987
1,424,423994
1,449,448046
1,449,448106
1,449,448146
1,449,448141
1,449,448174
1,449,448191
1,449,448306
1,449,448309
1,449,448477
1,449,448476
1,449,448571
1,449,448776
1,449,448801
1,450,449023
1,450,449165
1,450,449183
1,450,449319
1,450,449387
1,450,449471
1,450,449476
1,450,449685
1,450,449701
1,450,449826
1,450,449869
1,450,449876
1,450,449879
1,451,450043
1,451,450051
1,451,450070
1,451,450118
1,451,450131
1,451,450158
1,451,450185
1,451,450229
1,451,450263
1,451,450253
1,451,450688
1,451,450747
1,451,450862
1,451,450927
1,452,451088
1,452,451144
1,452,451227
1,452,451309
1,452,451499
1,452,451566
1,452,451599
1,452,451658
1,452,451811
1,452,451824
1,452,451933
1,452,451961
1,485,484104
1,485,484289
1,485,484397
1,485,484495
1,485,484762
1,485,484875
1,486,485096
1,486,485274
1,486,485295
1,486,485344
1,486,485354
1,486,485361
1,486,485416
1,486,485496
1,486,485484
1,486,485550
1,486,485641
1,486,485762
1,486,485807
1,486,485806
1,486,485942
1,486,485967
1,486,485998
1,487,486055
1,487,486182
1,487,486297
1,487,486386
1,487,486469
1,487,486645
1,487,486722
1,487,486776
1,487,486898
1,487,486934
1,487,486994
1,488,487090
1,488,487143
1,488,487200
1,488,487217
1,488,487232
1,488,487297
1,488,487327
1,488,487451
1,488,487458
1,488,487466
1,488,487620
1,488,487667
1,488,487791
1,488,487838
1,65,64021
1,65,64046
1,65,64062
1,65,64138
1,65,64214
1,65,64245
1,65,64358
1,65,64404
1,65,64683
1,65,64691
1,65,64772
1,65,64794
1,65,64884
1,66,65014
1,66,65031
1,66,65058
1,66,65096
1,66,65113
1,66,65510
1,66,65550
1,66,65585
1,66,65696
1,66,65906
1,66,65927
1,66,65980
1,66,65982
1,67,66030
1,67,66082
1,67,66174
1,67,66256
1,67,66297
1,67,66290
1,67,66357
1,67,66394
1,67,66444
1,67,66481
1,67,66566
1,67,66944
1,67,66954
1,68,67252
1,68,67269
1,68,67333
1,68,67375
1,68,67395
1,68,67408
1,68,67453
1,68,67642
1,68,67653
1,68,67722
1,68,67755
1,68,67799
1,68,67893
1,68,67923
1,105,104099
1,105,104184
1,105,104195
1,105,104251
1,105,104372
1,105,104400
1,105,104398
1,105,104422
1,105,104720
1,105,104795
1,105,104864
1,105,104870
1,105,104955
1,105,104960
1,105,104977
1,106,105077
1,106,105191
1,106,105506
1,106,105593
1,106,105628
1,106,105635
1,106,105674
1,106,105752
1,106,105773
1,106,105846
1,106,105937
1,106,105936
1,106,105964
1,106,105992
1,107,106045
1,107,106067
1,107,106082
1,107,106088
1,107,106086
1,107,106099
1,107,106158
1,107,106191
1,107,106224
1,107,106470
1,107,106551
1,107,106634
1,107,106664
1,107,106675
1,107,106721
1,107,106759
1,107,106767
1,107,106904
1,107,106993
1,108,107075
1,108,107104
1,108,107182
1,108,107202
1,108,107209
1,108,107285
1,108,107559
1,108,107723
1,108,107791
1,185,184081
1,185,184160
1,185,184589
1,185,184605
1,185,184697
1,185,184721
1,185,184748
1,185,184968
1,186,185033
1,186,185055
1,186,185134
1,186,185201
1,186,185223
1,186,185259
1,186,185269
1,186,185283
1,186,185361
1,186,185575
1,186,185595
1,186,185620
1,186,185856
1,186,185928
1,186,185980
1,187,186061
1,187,186133
1,187,186216
1,187,186342
1,187,186425
1,187,186588
1,187,186930
1,187,186943
1,187,186975
1,188,187083
1,188,187127
1,188,187281
1,188,187440
1,188,187450
1,188,187895
1,188,187992
1,233,232056
1,233,232218
1,233,232369
1,233,232389
1,233,232582
1,233,232638
1,233,232646
1,233,232796
1,233,232800
1,233,232930
1,234,233029
1,234,233125
1,234,233149
1,234,233191
1,234,233226
1,234,233295
1,234,233312
1,234,233418
1,234,233421
1,234,233625
1,234,233655
1,234,233663
1,234,233822
1,234,233883
1,234,233904
1,235,234108
1,235,234188
1,235,234280
1,235,234309
1,235,234356
1,235,234380
1,235,234472
1,235,234601
1,235,234761
1,235,234807
1,235,234867
1,235,234875
1,236,235028
1,236,235241
1,236,235428
1,236,235486
1,236,235873
1,236,235913
1,236,235962
1,128,127080
1,128,127068
1,128,127267
1,128,127335
1,128,127495
1,128,127566
1,128,127619
1,128,127701
1,128,127872
1,128,127926
1,128,127981
1,128,127990
1,169,168026
1,169,168198
1,169,168349
1,169,168387
1,169,168397
1,169,168409
1,169,168655
1,169,168737
1,169,168751
1,169,168786
1,169,168840
1,170,169087
1,170,169183
1,170,169221
1,170,169321
1,170,169385
1,170,169401
1,170,169405
1,170,169557
1,170,169579
1,170,169618
1,170,169676
1,170,169736
1,170,169900
1,170,169997
1,170,169994
1,171,170093
1,171,170149
1,171,170252
1,171,170379
1,171,170443
1,171,170563
1,171,170716
1,171,170754
1,172,171049
1,172,171078
1,172,171108
1,172,171115
1,172,171134
1,172,171248
1,172,171510
1,172,171520
1,172,171607
1,172,171657
1,172,171808
1,172,171963
1,401,400091
1,401,400125
1,401,400198
1,401,400204
1,401,400404
1,401,400735
1,401,400783
1,401,400827
1,401,400898
1,401,400924
1,402,401039
1,402,401062
1,402,401068
1,402,401083
1,402,401257
1,402,401346
1,402,401931
1,403,402196
1,403,402278
1,403,402442
1,403,402596
1,403,402607
1,403,402667
1,403,402677
1,125,124064
1,125,124374
1,125,124529
1,125,124620
1,125,124756
1,125,124798
1,125,124863
1,125,124877
1,125,124963
1,126,125266
1,126,125295
1,126,125604
1,126,125682
1,126,125712
1,126,125727
1,126,125760
1,126,125860
1,127,126024
1,127,126091
1,127,126271
1,127,126270
1,127,126314
1,127,126323
1,127,126630
1,127,126643
1,127,126757
1,127,126773
1,127,126800
1,127,126882
1,127,126910
1,127,126947
1,404,403148
1,404,403187
1,404,403248
1,404,403401
1,404,403467
1,404,403539
1,404,403839
1,404,403967
1,329,328095
1,329,328121
1,329,328133
1,329,328402
1,329,328407
1,329,328548
1,329,328593
1,329,328665
1,329,328837
1,329,328876
1,329,328903
1,329,328921
1,329,328953
1,330,329007
1,330,329380
1,330,329421
1,330,329533
1,330,329570
1,330,329824
1,330,329842
1,330,329919
1,330,329923
1,330,329961
1,331,330093
1,331,330108
1,331,330131
1,331,330234
1,331,330331
1,331,330710
1,331,330736
1,331,330796
1,331,330903
1,331,330930
1,332,331119
1,332,331342
1,332,331387
1,332,331394
1,332,331738
1,332,331784
1,332,331938
1,332,331986
1,473,472093
1,473,472160
1,473,472189
1,473,472271
1,473,472277
1,473,472803
1,473,472833
1,473,472863
1,473,472951
1,473,472985
1,474,473003
1,474,473026
1,474,473183
1,474,473255
1,474,473286
1,474,473515
1,474,473772
1,474,473909
1,475,474156
1,475,474296
1,475,474433
1,475,474471
1,475,474482
1,475,474560
1,475,474733
1,475,474777
1,475,474809
1,475,474941
1,476,475068
1,476,475081
1,476,475120
1,476,475127
1,476,475341
1,476,475418
1,476,475441
1,476,475479
1,476,475700
1,476,475737
1,476,475865
1,476,475966
1,133,132032
1,133,132060
1,133,132224
1,133,132334
1,133,132468
1,133,132509
1,133,132528
1,133,132581
1,133,132618
1,133,132684
1,133,132733
1,133,132806
1,133,132894
1,134,133018
1,134,133318
1,134,133509
1,134,133581
1,134,133626
1,134,133645
1,134,133760
1,134,133765
1,134,133898
1,134,133924
1,134,133942
1,135,134097
1,135,134131
1,135,134273
1,135,134290
1,135,134433
1,135,134455
1,135,134558
1,135,134679
1,135,134767
1,135,134759
1,135,134912
1,135,134956
1,135,134979
1,136,135021
1,136,135131
1,136,135216
1,136,135317
1,136,135329
1,136,135572
1,136,135670
1,136,135821
1,136,135872
1,165,164028
1,165,164116
1,165,164198
1,165,164209
1,165,164227
1,165,164481
1,165,164496
1,165,164544
1,165,164580
1,165,164715
1,165,164737
1,165,164864
1,165,164893
1,166,165201
1,166,165262
1,166,165345
1,166,165609
1,166,165736
1,166,165748
1,166,165756
1,166,165775
1,166,165908
1,166,165992
1,166,165984
1,167,166126
1,167,166288
1,167,166505
1,167,166536
1,167,166602
1,167,166631
1,167,166770
1,167,166953
1,168,167296
1,168,167446
1,168,167455
1,168,167488
1,168,167614
1,168,167634
1,245,244093
1,245,244151
1,245,244145
1,245,244208
1,245,244533
1,245,244565
1,245,244610
1,245,244632
1,245,244639
1,245,244850
1,245,244879
1,245,244938
1,245,244954
1,246,245120
1,246,245469
1,246,245490
1,246,245539
1,246,245571
1,246,245635
1,246,245648
1,246,245717
1,246,245832
1,246,245844
1,246,245869
1,246,245888
1,246,245939
1,246,245942
1,246,245982
1,247,246006
1,247,246255
1,247,246279
1,247,246637
1,247,246691
1,247,246792
1,247,246797
1,247,246875
1,247,246919
1,247,246971
1,248,247139
1,248,247245
1,248,247259
1,248,247421
1,248,247475
1,248,247525
1,248,247611
1,248,247616
1,248,247665
1,248,247843
1,248,247874
1,248,247986
1,265,264027
1,265,264045
1,265,264150
1,265,264230
1,265,264307
1,265,264384
1,265,264445
1,265,264433
1,265,264462
1,265,264522
1,265,264562
1,265,264671
1,265,264896
1,266,265127
1,266,265309
1,266,265317
1,266,265363
1,266,265383
1,266,265403
1,266,265404
1,266,265744
1,266,265746
1,266,265781
1,266,265874
1,266,265954
1,267,266090
1,267,266255
1,267,266318
1,267,266399
1,267,266518
1,267,266594
1,267,266648
1,267,266675
1,267,266862
1,267,266917
1,267,266969
1,268,267011
1,268,267014
1,268,267153
1,268,267188
1,268,267262
1,268,267396
1,268,267533
1,268,267582
1,268,267612
1,268,267722
1,268,267729
1,268,267836
1,268,267899
1,137,136008
1,137,136002
1,137,136137
1,137,136134
1,137,136158
1,137,136227
1,137,136271
1,137,136305
1,137,136337
1,137,136461
1,137,136487
1,137,136491
1,137,136739
1,137,136795
1,138,137032
1,138,137080
1,138,137120
1,138,137377
1,138,137428
1,138,137424
1,138,137494
1,138,137845
1,138,137957
1,139,138058
1,139,138101
1,139,138125
1,139,138256
1,139,138306
1,139,138469
1,139,138573
1,139,138806
1,139,138920
1,139,138906
1,139,138932
1,139,138990
1,427,426049
1,427,426126
1,427,426233
1,427,426359
1,427,426387
1,427,426517
1,427,426529
1,427,426662
1,427,426684
1,427,426716
1,427,426878
1,427,426910
1,453,452116
1,453,452207
1,453,452244
1,453,452251
1,453,452265
1,453,452419
1,453,452426
1,453,452435
1,453,452448
1,453,452565
1,453,452870
1,453,452894
1,453,452918
1,453,452911
1,454,453164
1,454,453210
1,454,453626
1,454,453638
1,455,454034
1,455,454153
1,455,454180
1,455,454274
1,455,454373
1,455,454422
1,455,454427
1,455,454489
1,455,454695
1,455,454941
1,456,455051
1,456,455196
1,456,455315
1,456,455414
1,456,455442
1,456,455451
1,456,455454
1,456,455575
1,456,455770
1,456,455836
1,456,455904
1,140,139045
1,140,139061
1,140,139078
1,140,139106
1,140,139134
1,140,139172
1,140,139185
1,140,139239
1,140,139272
1,140,139339
1,140,139372
1,140,139470
1,140,139549
1,140,139584
1,140,139674
1,140,139705
1,140,139716
1,140,139781
1,140,139780
1,140,139898
1,140,139913
1,140,139929
1,141,140011
1,141,140162
1,141,140232
1,141,140241
1,141,140259
1,141,140306
1,141,140445
1,141,140468
1,141,140542
1,141,140808
1,141,140827
1,141,140898
1,142,141055
1,142,141058
1,142,141226
1,142,141276
1,142,141660
1,142,141968
1,143,142083
1,143,142251
1,143,142308
1,143,142560
1,143,142618
1,143,142754
1,144,143053
1,144,143118
1,144,143133
1,144,143235
1,144,143445
1,144,143460
1,144,143792
1,144,143978
1,425,424116
1,425,424238
1,425,424263
1,425,424317
1,425,424418
1,425,424479
1,425,424679
1,425,424722
1,425,424750
1,425,424775
1,425,424794
1,425,424882
1,425,424899
1,425,424967
1,426,425003
1,426,425016
1,426,425226
1,426,425442
1,426,425485
1,426,425487
1,426,425677
1,426,425685
1,426,425872
1,426,425909
1,426,425951
1,426,425999
1,428,427066
1,428,427273
1,428,427365
1,428,427564
1,428,427632
1,428,427651
1,428,427665
1,428,427768
1,428,427786
1,428,427810
1,428,427823
1,428,427859
1,428,427861
1,89,88057
1,89,88109
1,89,88303
1,89,88331
1,89,88413
1,89,88420
1,89,88635
1,89,88762
1,89,88755
1,89,88796
1,90,89093
1,90,89098
1,90,89140
1,90,89422
1,90,89502
1,90,89515
1,90,89558
1,90,89725
1,90,89799
1,90,89940
1,90,89968
1,90,89987
1,91,90025
1,91,90193
1,91,90242
1,91,90240
1,91,90574
1,91,90610
1,91,90638
1,91,90673
1,91,90785
1,91,90856
1,91,90955
1,91,90982
1,91,90971
1,91,90991
1,92,91004
1,92,91022
1,92,91217
1,92,91246
1,92,91282
1,92,91466
1,92,91499
1,92,91504
1,92,91539
1,93,92032
1,93,92135
1,93,92166
1,93,92218
1,93,92271
1,93,92379
1,93,92516
1,93,92527
1,93,92614
1,93,92656
1,93,92754
1,93,92760
1,93,92767
1,93,92809
1,93,92819
1,93,92859
1,94,93109
1,94,93129
1,94,93201
1,94,93398
1,94,93444
1,94,93464
1,94,93697
1,94,93969
1,94,93991
1,95,94337
1,95,94390
1,95,94568
1,95,94650
1,95,94704
1,96,95333
1,96,95462
1,96,95475
1,96,95478
1,96,95562
1,96,95637
1,96,95688
1,96,95804
1,96,95924
1,96,95952
1,96,95992
1,97,96030
1,97,96169
1,97,96358
1,97,96379
1,97,96458
1,97,96468
1,97,96966
1,98,97164
1,98,97190
1,98,97234
1,98,97348
1,98,97352
1,98,97448
1,98,97476
1,98,97504
1,98,97550
1,98,97760
1,98,97816
1,98,97976
1,99,98186
1,99,98192
1,99,98380
1,99,98401
1,99,98465
1,99,98491
1,99,98521
1,99,98582
1,99,98634
1,99,98675
1,99,98782
1,99,98863
1,99,98877
1,99,98947
1,99,98987
1,100,99054
1,100,99097
1,100,99104
1,100,99167
1,100,99321
1,100,99374
1,100,99459
1,100,99501
1,100,99565
1,100,99718
1,100,99756
1,100,99807
1,100,99890
1,100,99906
1,381,380162
1,381,380175
1,381,380250
1,381,380415
1,381,380447
1,381,380814
1,381,380827
1,382,381009
1,382,381011
1,382,381066
1,382,381064
1,382,381194
1,382,381253
1,382,381260
1,382,381389
1,382,381617
1,382,381732
1,382,381747
1,382,381814
1,382,381845
1,382,381864
1,382,381982
1,383,382038
1,383,382103
1,383,382285
1,383,382316
1,383,382368
1,383,382409
1,383,382415
1,383,382423
1,383,382503
1,383,382540
1,383,382594
1,383,382924
1,383,382945
1,383,382979
1,384,383037
1,384,383124
1,384,383234
1,384,383360
1,384,383379
1,384,383372
1,384,383459
1,384,383480
1,384,383485
1,384,383512
1,384,383518
1,384,383566
1,384,383647
1,384,383696
1,384,383740
1,384,383872
1,384,383962
1,429,428157
1,429,428197
1,429,428288
1,429,428308
1,429,428418
1,429,428445
1,429,428451
1,429,428554
1,429,428620
1,429,428653
1,429,428797
1,429,428922
1,429,428929
1,429,428960
1,430,429123
1,430,429164
1,430,429206
1,430,429256
1,430,429274
1,430,429546
1,430,429564
1,430,429577
1,430,429688
1,430,429712
1,430,429824
1,430,429842
1,431,430065
1,431,430146
1,431,430189
1,431,430209
1,431,430220
1,431,430439
1,431,430484
1,431,430625
1,431,430696
1,431,430768
1,431,430799
1,432,431113
1,432,431325
1,432,431478
1,432,431580
1,432,431695
1,432,431760
1,432,431777
1,432,431855
1,432,431874
1,437,436232
1,437,436291
1,437,436299
1,437,436462
1,437,436643
1,437,436662
1,437,436749
1,437,436864
1,437,436903
1,437,436952
1,437,436962
1,438,437260
1,438,437328
1,438,437355
1,438,437619
1,438,437640
1,438,437756
1,438,437814
1,438,437970
1,439,438148
1,439,438149
1,439,438162
1,439,438165
1,439,438209
1,439,438263
1,439,438295
1,439,438322
1,439,438337
1,439,438359
1,439,438420
1,439,438498
1,439,438520
1,439,438515
1,439,438537
1,439,438637
1,439,438857
1,439,438881
1,439,438912
1,439,438950
1,440,439001
1,440,439024
1,440,439145
1,440,439195
1,440,439226
1,440,439307
1,440,439404
1,440,439598
1,440,439759
1,440,439789
1,440,439881
1,440,439927
1,440,439976
1,205,204014
1,205,204006
1,205,204039
1,205,204085
1,205,204180
1,205,204231
1,205,204256
1,205,204362
1,205,204529
1,205,204545
1,205,204644
1,205,204684
1,205,204873
1,205,204956
1,206,205130
1,206,205174
1,206,205495
1,206,205559
1,206,205571
1,206,205639
1,206,205678
1,206,205731
1,206,205848
1,206,205866
1,206,205991
1,207,206113
1,207,206132
1,207,206425
1,207,206438
1,207,206458
1,207,206548
1,207,206564
1,207,206664
1,207,206696
1,207,206713
1,207,206726
1,207,206848
1,207,206945
1,207,206978
1,208,207004
1,208,207095
1,208,207149
1,208,207188
1,208,207179
1,208,207194
1,208,207260
1,208,207363
1,208,207456
1,208,207508
1,208,207640
1,208,207753
1,208,207812
1,208,207942
1,208,207966
1,208,207974
1,208,207982
1,225,224024
1,225,224178
1,225,224324
1,225,224697
1,225,224735
1,225,224908
1,226,225098
1,226,225140
1,226,225279
1,226,225365
1,226,225388
1,226,225455
1,226,225593
1,226,225772
1,226,225752
1,226,225841
1,226,225968
1,227,226087
1,227,226114
1,227,226223
1,227,226303
1,227,226395
1,227,226393
1,227,226426
1,227,226526
1,227,226545
1,227,226729
1,227,226835
1,227,226836
1,227,226865
1,227,226995
1,228,227336
1,228,227630
1,228,227649
1,228,227658
1,228,227667
1,228,227698
1,228,227694
1,228,227714
1,228,227731
1,228,227745
1,228,227818
1,229,228070
1,229,228218
1,229,228257
1,229,228268
1,229,228279
1,229,228380
1,229,228408
1,229,228607
1,229,228657
1,229,228832
1,229,228904
1,256,255168
1,256,255188
1,256,255390
1,256,255407
1,256,255411
1,256,255480
1,256,255656
1,256,255719
1,256,255750
1,256,255795
1,256,255843
1,256,255860
1,256,255855
1,256,255873
1,256,255899
1,256,255901
1,256,255910
1,256,255934
1,269,268020
1,269,268082
1,269,268141
1,269,268157
1,269,268213
1,269,268258
1,269,268256
1,269,268280
1,269,268534
1,269,268781
1,269,268816
1,270,269020
1,270,269140
1,270,269211
1,270,269328
1,270,269413
1,270,269453
1,270,269507
1,270,269565
1,270,269580
1,270,269624
1,270,269628
1,270,269633
1,270,269712
1,270,269759
1,270,269844
1,270,269843
1,271,270164
1,271,270168
1,271,270221
1,271,270257
1,271,270325
1,271,270332
1,271,270365
1,271,270579
1,271,270616
1,271,270737
1,271,270756
1,271,270875
1,271,270879
1,271,270914
1,272,271264
1,272,271259
1,272,271274
1,272,271311
1,272,271325
1,272,271403
1,272,271521
1,272,271721
1,272,271732
1,272,271743
1,272,271763
1,272,271774
1,272,271795
1,272,271806
1,272,271936
1,272,271987
1,309,308080
1,309,308093
1,309,308152
1,309,308320
1,309,308875
1,309,308891
1,310,309045
1,310,309058
1,310,309198
1,310,309267
1,310,309544
1,310,309597
1,310,309626
1,310,309727
1,310,309962
1,310,309974
1,310,309992
1,311,310002
1,311,310022
1,311,310021
1,311,310061
1,311,310078
1,311,310191
1,311,310192
1,311,310246
1,311,310293
1,311,310377
1,311,310385
1,311,310524
1,311,310577
1,311,310829
1,311,310911
1,311,310966
1,311,311000
1,312,311111
1,312,311336
1,312,311368
1,312,311441
1,312,311461
1,312,311565
1,312,311567
1,312,311619
1,312,311635
1,312,311727
1,312,311847
1,312,311890
1,312,311886
1,312,311983
1,230,229002
1,230,229074
1,230,229207
1,230,229216
1,230,229342
1,230,229367
1,230,229393
1,230,229446
1,230,229459
1,230,229492
1,230,229565
1,230,229636
1,230,229663
1,230,229703
1,230,229720
1,230,229830
1,230,229992
1,231,230056
1,231,230069
1,231,230093
1,231,230253
1,231,230502
1,231,230608
1,231,230736
1,231,230739
1,231,230861
1,231,230941
1,231,230960
1,232,231077
1,232,231105
1,232,231184
1,232,231188
1,232,231267
1,232,231289
1,232,231324
1,232,231517
1,232,231542
1,232,231575
1,232,231601
1,232,231745
1,253,252061
1,253,252485
1,253,252517
1,253,252518
1,253,252568
1,253,252646
1,253,252675
1,253,252710
1,253,252816
1,253,252883
1,254,253078
1,254,253092
1,254,253089
1,254,253187
1,254,253437
1,254,253494
1,254,253501
1,254,253549
1,254,253559
1,254,253755
1,254,253760
1,254,253864
1,255,254126
1,255,254120
1,255,254223
1,255,254282
1,255,254312
1,255,254334
1,255,254324
1,255,254376
1,255,254383
1,255,254386
1,255,254473
1,255,254498
1,255,254632
1,255,254638
1,255,254639
1,255,254694
1,255,254937
1,255,254991
1,53,52051
1,53,52224
1,53,52332
1,53,52474
1,53,52519
1,53,52524
1,53,52632
1,53,52769
1,53,52791
1,53,52951
1,54,53056
1,54,53085
1,54,53099
1,54,53159
1,54,53189
1,54,53221
1,54,53307
1,54,53357
1,54,53437
1,54,53524
1,54,53669
1,54,53741
1,54,53971
1,55,54035
1,55,54054
1,55,54178
1,55,54355
1,55,54409
1,55,54424
1,55,54656
1,55,54676
1,55,54759
1,55,54793
1,55,54896
1,55,54923
1,55,54970
1,56,55062
1,56,55097
1,56,55188
1,56,55211
1,56,55251
1,56,55252
1,56,55273
1,56,55381
1,56,55411
1,56,55525
1,56,55595
1,56,55883
1,56,55880
1,56,55898
1,56,55923
1,345,344007
1,345,344060
1,345,344092
1,345,344231
1,345,344236
1,345,344253
1,345,344350
1,345,344389
1,345,344577
1,345,344600
1,345,344665
1,345,344690
1,345,344787
1,345,344998
1,346,345027
1,346,345199
1,346,345362
1,347,346002
1,347,346215
1,347,346298
1,347,346371
1,347,346388
1,347,346539
1,347,346664
1,347,346914
1,347,346997
1,348,347090
1,348,347111
1,348,347174
1,348,347183
1,348,347252
1,348,347422
1,348,347617
1,348,347650
1,348,347846
1,348,347858
1,348,347970
1,389,388085
1,389,388087
1,389,388287
1,389,388931
1,390,389170
1,390,389178
1,390,389255
1,390,389302
1,390,389412
1,390,389547
1,390,389614
1,390,389623
1,390,389648
1,390,389691
1,390,389738
1,390,389888
1,390,389965
1,391,390035
1,391,390117
1,391,390124
1,391,390191
1,391,390194
1,391,390254
1,391,390305
1,391,390353
1,391,390401
1,391,390486
1,391,390530
1,391,390801
1,391,390833
1,391,390851
1,391,390865
1,391,390975
1,392,391288
1,392,391358
1,392,391385
1,392,391657
1,392,391826
1,392,391913
1,392,391959
1,392,391978
1,465,464228
1,465,464258
1,465,464291
1,465,464444
1,465,464514
1,465,464525
1,465,464721
1,465,464713
1,465,464787
1,465,464808
1,465,464828
1,465,464948
1,465,464943
1,466,465149
1,466,465166
1,466,465177
1,466,465198
1,466,465253
1,466,465304
1,466,465347
1,466,465439
1,466,465625
1,466,465641
1,466,465692
1,466,465714
1,466,465853
1,466,465860
1,466,465923
1,467,466557
1,467,466574
1,467,466658
1,467,466680
1,467,466777
1,467,466813
1,467,466866
1,467,466959
1,468,467032
1,468,467463
1,468,467520
1,468,467558
1,468,467796
1,468,467869
1,468,467948
1,468,467988
1,361,360028
1,361,360187
1,361,360297
1,361,360311
1,361,360638
1,361,360636
1,361,360651
1,361,360852
1,362,361051
1,362,361069
1,362,361121
1,362,361285
1,362,361486
1,362,361500
1,362,361602
1,362,361666
1,362,361705
1,362,361755
1,362,361762
1,362,361784
1,362,361776
1,362,361878
1,363,362152
1,363,362183
1,363,362187
1,363,362333
1,363,362353
1,363,362363
1,363,362406
1,363,362403
1,363,362465
1,363,362482
1,363,362561
1,363,362568
1,363,362753
1,363,362760
1,363,362860
1,364,363094
1,364,363366
1,364,363385
1,364,363523
1,364,363684
1,364,363809
1,364,363869
1,364,363916
1,365,364010
1,365,364166
1,365,364256
1,365,364303
1,365,364331
1,365,364332
1,365,364366
1,365,364383
1,365,364412
1,365,364626
1,365,364728
1,365,364746
1,365,364831
1,365,364830
1,365,364872
1,365,364964
1,365,364995
1,366,365065
1,366,365181
1,366,365205
1,366,365277
1,366,365306
1,366,365391
1,366,365491
1,366,365559
1,366,365599
1,366,365863
1,366,365873
1,374,373034
1,374,373134
1,374,373143
1,374,373446
1,374,373483
1,374,373516
1,374,373810
1,374,373824
1,375,374132
1,375,374259
1,375,374348
1,375,374573
1,375,374656
1,375,374668
1,375,374717
1,375,374842
1,375,374855
1,375,374908
1,375,374921
1,375,374948
1,375,374993
1,33,32097
1,33,32195
1,33,32208
1,33,32228
1,33,32234
1,33,32290
1,33,32280
1,33,32461
1,33,32507
1,33,32618
1,33,32644
1,33,32740
1,33,32753
1,33,32821
1,34,33017
1,34,33055
1,34,33187
1,34,33206
1,34,33405
1,34,33412
1,34,33459
1,34,33457
1,34,33506
1,34,33554
1,34,33642
1,34,33673
1,34,33701
1,34,33723
1,34,33814
1,34,33912
1,34,33963
1,34,33982
1,35,34054
1,35,34083
1,35,34079
1,35,34204
1,35,34422
1,35,34431
1,35,34438
1,35,34501
1,35,34536
1,35,34726
1,35,34845
1,35,34873
1,35,34941
1,35,34984
1,35,34986
1,35,35000
1,36,35083
1,36,35109
1,36,35119
1,36,35296
1,36,35450
1,36,35493
1,36,35612
1,36,35653
1,41,40099
1,41,40124
1,41,40157
1,41,40195
1,41,40285
1,41,40469
1,41,40501
1,41,40523
1,41,40606
1,41,40675
1,41,40747
1,41,40834
1,41,40880
1,41,40915
1,41,40972
1,41,40996
1,42,41062
1,42,41069
1,42,41121
1,42,41123
1,42,41132
1,42,41177
1,42,41690
1,42,41734
1,42,41765
1,42,41880
1,42,41920
1,42,41932
1,42,41980
1,43,42035
1,43,42048
1,43,42072
1,43,42232
1,43,42282
1,43,42369
1,43,42477
1,43,42485
1,43,42541
1,43,42646
1,43,42653
1,43,42652
1,43,42700
1,43,42886
1,44,43601
1,44,43689
1,44,43795
1,44,43906
1,57,56030
1,57,56167
1,57,56285
1,57,56405
1,57,56597
1,57,56754
1,57,56778
1,57,56789
1,58,57036
1,58,57096
1,58,57116
1,58,57215
1,58,57245
1,58,57258
1,58,57387
1,58,57426
1,58,57760
1,58,57816
1,58,57859
1,58,57989
1,59,58018
1,59,58098
1,59,58160
1,59,58242
1,59,58272
1,59,58362
1,59,58407
1,59,58525
1,59,58650
1,59,58691
1,59,58705
1,59,58812
1,59,58835
1,59,58897
1,59,58984
1,60,59063
1,60,59140
1,60,59255
1,60,59342
1,60,59424
1,60,59501
1,60,59653
1,60,59712
1,60,59794
1,60,59848
1,60,59887
1,60,59894
1,60,59930
1,77,76286
1,77,76363
1,77,76580
1,77,76608
1,77,76634
1,77,76857
1,77,76873
1,77,76890
1,77,76969
1,78,77010
1,78,77083
1,78,77204
1,78,77264
1,78,77357
1,78,77397
1,78,77516
1,78,77556
1,78,77597
1,78,77607
1,78,77646
1,78,77666
1,78,77754
1,78,77775
1,78,77817
1,78,77871
1,78,77896
1,78,77943
1,78,77979
1,78,77996
1,79,78011
1,79,78125
1,79,78163
1,79,78204
1,79,78243
1,79,78278
1,79,78311
1,79,78337
1,79,78659
1,79,78698
1,79,78697
1,79,78852
1,79,78910
1,79,78912
1,80,79010
1,80,79109
1,80,79211
1,80,79265
1,80,79338
1,80,79407
1,80,79497
1,80,79589
1,80,79625
1,80,79763
1,80,79810
1,61,60051
1,61,60067
1,61,60138
1,61,60158
1,61,60196
1,61,60337
1,61,60840
1,61,60865
1,61,60953
1,62,61024
1,62,61052
1,62,61092
1,62,61110
1,62,61252
1,62,61274
1,62,61360
1,62,61410
1,62,61515
1,62,61531
1,62,61644
1,62,61657
1,62,61732
1,63,62216
1,63,62287
1,63,62504
1,63,62544
1,63,62588
1,63,62589
1,63,62904
1,63,62946
1,63,62969
1,64,63045
1,64,63107
1,64,63154
1,64,63202
1,64,63268
1,64,63377
1,64,63385
1,64,63445
1,64,63613
1,64,63657
1,64,63712
1,64,63781
1,64,63836
1,64,63894
1,64,63938
1,69,68034
1,69,68104
1,69,68122
1,69,68185
1,69,68200
1,69,68291
1,69,68307
1,69,68636
1,69,68882
1,69,68926
1,69,68974
1,70,69057
1,70,69087
1,70,69114
1,70,69233
1,70,69250
1,70,69376
1,70,69403
1,70,69398
1,70,69434
1,70,69459
1,70,69749
1,70,69755
1,70,69766
1,70,69772
1,70,69875
1,70,69893
1,70,69932
1,71,70003
1,71,70234
1,71,70262
1,71,70283
1,71,70305
1,71,70479
1,71,70591
1,71,70845
1,71,70911
1,72,71027
1,72,71097
1,72,71293
1,72,71781
1,72,71834
1,72,71887
1,72,71891
1,72,71934
1,72,71960
1,72,71988
1,85,84093
1,85,84239
1,85,84288
1,85,84541
1,85,84546
1,85,84603
1,85,84815
1,85,84851
1,85,84927
1,86,85001
1,86,85064
1,86,85284
1,86,85311
1,86,85337
1,86,85498
1,86,85609
1,86,85637
1,86,85704
1,86,85826
1,86,85865
1,86,85857
1,86,85883
1,86,85964
1,87,86019
1,87,86057
1,87,86229
1,87,86291
1,87,86406
1,87,86712
1,87,86743
1,87,86751
1,87,86923
1,87,86978
1,88,87107
1,88,87325
1,88,87411
1,88,87466
1,88,87560
1,88,87619
1,88,87633
1,88,87629
1,88,87749
1,88,87752
1,88,87786
1,88,87803
1,88,87807
1,88,87844
1,88,87985
1,197,196003
1,197,196255
1,197,196299
1,197,196314
1,197,196512
1,197,196528
1,197,196606
1,197,196603
1,197,196659
1,197,196713
1,197,196780
1,197,196778
1,197,196821
1,197,196920
1,198,197017
1,198,197053
1,198,197105
1,198,197124
1,198,197249
1,198,197377
1,198,197379
1,198,197443
1,198,197489
1,198,197500
1,198,197544
1,198,197632
1,198,197683
1,198,197810
1,198,197901
1,198,197908
1,198,197963
1,199,198021
1,199,198129
1,199,198157
1,199,198241
1,199,198308
1,199,198326
1,199,198470
1,199,198568
1,199,198600
1,199,198625
1,199,198837
1,199,198955
1,200,199009
1,200,199150
1,200,199165
1,200,199292
1,200,199768
1,200,199827
1,200,199921
1,201,200076
1,201,200097
1,201,200193
1,201,200228
1,201,200341
1,201,200385
1,201,200403
1,201,200416
1,201,200477
1,201,200578
1,201,200687
1,201,200912
1,202,201053
1,202,201045
1,202,201075
1,202,201122
1,202,201323
1,202,201352
1,202,201736
1,202,201767
1,202,201789
1,202,201811
1,202,201816
1,202,201829
1,202,201877
1,203,202111
1,203,202256
1,203,202720
1,204,203121
1,204,203142
1,204,203218
1,204,203624
1,204,203645
1,204,203691
1,204,203747
1,204,203942
1,213,212039
1,213,212249
1,213,212265
1,213,212331
1,213,212385
1,213,212410
1,213,212470
1,213,212484
1,213,212502
1,213,212568
1,213,212587
1,213,212762
1,213,212778
1,213,212910
1,213,212913
1,213,212957
1,214,213013
1,214,213020
1,214,213050
1,214,213147
1,214,213232
1,214,213240
1,214,213311
1,214,213335
1,214,213475
1,214,213618
1,214,213742
1,214,213744
1,214,213756
1,214,213812
1,214,213927
1,214,213978
1,215,214001
1,215,214069
1,215,214118
1,215,214165
1,215,214201
1,215,214294
1,215,214309
1,215,214307
1,215,214339
1,215,214508
1,215,214661
1,215,214700
1,215,214822
1,215,214897
1,216,215101
1,216,215115
1,216,215137
1,216,215156
1,216,215429
1,216,215520
1,216,215672
1,216,215773
1,216,215784
1,221,220030
1,221,220029
1,221,220047
1,221,220214
1,221,220254
1,221,220257
1,221,220293
1,221,220314
1,221,220369
1,221,220401
1,221,220489
1,221,220819
1,221,220875
1,221,220972
1,221,220995
1,222,221218
1,222,221293
1,222,221363
1,222,221405
1,222,221465
1,222,221468
1,222,221714
1,222,221733
1,222,221827
1,222,221939
1,223,222067
1,223,222120
1,223,222168
1,223,222227
1,223,222262
1,223,222271
1,223,222448
1,223,222467
1,223,222724
1,223,222802
1,223,222976
1,224,223295
1,224,223321
1,224,223325
1,224,223352
1,224,223387
1,224,223599
1,224,223674
1,224,223697
1,224,223795
1,224,223876
1,224,223994
1,241,240119
1,241,240115
1,241,240205
1,241,240239
1,241,240289
1,241,240307
1,241,240465
1,241,240590
1,241,240703
1,241,240769
1,241,240857
1,241,240905
1,241,240919
1,242,241129
1,242,241410
1,242,241424
1,242,241445
1,242,241421
1,242,241495
1,242,241597
1,242,241640
1,242,241737
1,242,241844
1,242,241862
1,242,241904
1,242,241963
1,243,242113
1,243,242233
1,243,242339
1,243,242400
1,243,242501
1,243,242533
1,243,242639
1,243,242732
1,243,242848
1,243,242940
1,244,243330
1,244,243422
1,244,243433
1,244,243458
1,244,243462
1,244,243494
1,244,243528
1,244,243755
1,244,243777
1,244,243913
1,385,384019
1,385,384320
1,385,384444
1,385,384526
1,385,384643
1,385,384641
1,385,384644
1,385,384725
1,385,384760
1,385,384826
1,385,384861
1,385,384910
1,386,385192
1,386,385226
1,386,385232
1,386,385353
1,386,385577
1,386,385687
1,386,385688
1,386,385690
1,386,385709
1,386,385846
1,386,385882
1,386,385921
1,387,386153
1,387,386301
1,387,386403
1,387,386432
1,387,386462
1,387,386463
1,387,386585
1,387,386648
1,387,386678
1,387,386696
1,387,386697
1,387,386739
1,387,386837
1,387,386846
1,387,386891
1,388,387037
1,388,387176
1,388,387293
1,388,387452
1,388,387712
1,388,387782
1,388,387848
1,388,387842
1,388,387990
1,393,392025
1,393,392209
1,393,392361
1,393,392367
1,393,392421
1,393,392503
1,393,392732
1,393,392743
1,393,392787
1,393,392822
1,393,392929
1,393,392944
1,394,393016
1,394,393004
1,394,393137
1,394,393243
1,394,393235
1,394,393264
1,394,393284
1,394,393498
1,394,393539
1,394,393577
1,394,393715
1,394,393788
1,394,393795
1,394,393888
1,394,393887
1,394,393915
1,394,393924
1,394,393962
1,394,393984
1,395,394028
1,395,394139
1,395,394300
1,395,394399
1,395,394561
1,395,394565
1,395,394602
1,395,394641
1,395,394653
1,395,394856
1,395,394864
1,395,394969
1,448,447044
1,448,447223
1,448,447266
1,448,447263
1,448,447301
1,448,447437
1,448,447464
1,448,447554
1,448,447845
1,448,447962
1,1,2
1,1,46
1,1,48
1,1,33
1,1,47
1,1,39
1,1,136
1,1,239
1,1,402
1,1,472
1,1,497
1,1,492
1,1,692
1,1,750
1,1,933
1,2,1019
1,2,1200
1,2,1362
1,2,1367
1,2,1386
1,2,1410
1,2,1420
1,2,1437
1,2,1582
1,2,1662
1,2,1691
1,2,1809
1,2,1883
1,2,1895
1,2,1899
1,2,1914
1,3,2023
1,3,2103
1,3,2273
1,3,2310
1,3,2398
1,3,2478
1,3,2497
1,3,2516
1,3,2615
1,3,2671
1,3,2708
1,3,2731
1,3,2916
1,4,3035
1,4,3170
1,4,3197
1,4,3425
1,4,3448
1,4,3490
1,4,3521
1,4,3567
1,4,3634
1,4,3681
1,4,3791
1,4,3820
1,4,3888
1,4,3947
1,4,3982
1,5,4078
1,5,4111
1,5,4085
1,5,4170
1,5,4250
1,5,4342
1,5,4648
1,5,4645
1,5,4685
1,5,4787
1,5,4882
1,5,4906
1,5,4949
1,6,5009
1,6,5111
1,6,5383
1,6,5393
1,6,5483
1,6,5493
1,6,5678
1,6,5757
1,6,5867
1,6,5892
1,7,6049
1,7,6106
1,7,6193
1,7,6208
1,7,6201
1,7,6266
1,7,6376
1,7,6428
1,7,6507
1,7,6532
1,7,6549
1,7,6611
1,7,6652
1,7,6672
1,7,6709
1,7,6762
1,7,6786
1,7,6778
1,7,6924
1,8,7156
1,8,7206
1,8,7241
1,8,7391
1,8,7399
1,8,7622
1,8,7630
1,8,7692
1,8,7738
1,8,7913
1,9,8154
1,9,8345
1,9,8409
1,9,8429
1,9,8488
1,9,8658
1,9,8778
1,9,8799
1,9,8839
1,9,8850
1,10,9003
1,10,9018
1,10,9159
1,10,9339
1,10,9350
1,10,9352
1,10,9376
1,10,9422
1,10,9520
1,10,9577
1,10,9594
1,10,9669
1,10,9706
1,10,9737
1,10,9744
1,10,9772
1,10,9894
1,10,9968
1,11,10042
1,11,10106
1,11,10302
1,11,10592
1,11,10627
1,11,10761
1,11,10770
1,12,11015
1,12,11150
1,12,11168
1,12,11213
1,12,11375
1,12,11513
1,12,11602
1,12,11777
1,12,11812
1,12,11899
1,13,12117
1,13,12156
1,13,12209
1,13,12257
1,13,12275
1,13,12292
1,13,12353
1,13,12503
1,13,12815
1,13,12867
1,13,12969
1,14,13056
1,14,13364
1,14,13430
1,14,13799
1,14,13975
1,14,13968
1,15,14176
1,15,14191
1,15,14212
1,15,14286
1,15,14709
1,15,14965
1,16,15016
1,16,15119
1,16,15234
1,16,15458
1,16,15477
1,16,15541
1,16,15593
1,16,15788
1,497,496037
1,497,496074
1,497,496079
1,497,496198
1,497,496299
1,497,496300
1,497,496323
1,497,496432
1,497,496492
1,497,496537
1,497,496681
1,497,496828
1,497,496970
1,498,497066
1,498,497188
1,498,497352
1,498,497485
1,498,497496
1,498,497492
1,498,497506
1,498,497597
1,498,497680
1,498,497683
1,498,497667
1,498,497822
1,498,497949
1,499,498017
1,499,498125
1,499,498415
1,499,498542
1,499,498823
1,499,498862
1,499,498880
1,499,498909
1,500,499051
1,500,499152
1,500,499214
1,500,499262
1,500,499599
1,500,499606
1,500,499623
1,500,499671
1,500,499683
1,500,499864
1,500,499901
1,500,499896
1,209,208034
1,209,208226
1,209,208238
1,209,208279
1,209,208302
1,209,208322
1,209,208369
1,209,208558
1,209,208604
1,209,208646
1,209,208684
1,209,208870
1,209,208924
1,209,208964
1,210,209025
1,210,209098
1,210,209160
1,210,209207
1,210,209290
1,210,209436
1,210,209445
1,210,209683
1,210,209767
1,210,209788
1,210,209872
1,211,210081
1,211,210180
1,211,210212
1,211,210246
1,211,210375
1,211,210402
1,211,210411
1,211,210405
1,211,210421
1,211,210517
1,211,210631
1,211,210797
1,211,210856
1,212,211048
1,212,211116
1,212,211246
1,212,211332
1,212,211478
1,212,211569
1,212,211742
1,212,211965
1,217,216061
1,217,216049
1,217,216245
1,217,216360
1,217,216412
1,217,216579
1,217,216667
1,217,216744
1,217,216852
1,217,216867
1,218,217273
1,218,217299
1,218,217329
1,218,217425
1,218,217441
1,218,217658
1,218,217772
1,218,217834
1,218,217890
1,218,217930
1,219,218001
1,219,218224
1,219,218387
1,219,218441
1,219,218455
1,219,218555
1,219,218567
1,219,218633
1,219,218667
1,219,218713
1,219,218751
1,219,218862
1,219,218870
1,219,218893
1,220,219183
1,220,219424
1,220,219433
1,220,219510
1,220,219582
1,220,219732
1,220,219724
1,220,219765
1,313,312198
1,313,312316
1,313,312324
1,313,312525
1,313,312883
1,314,313109
1,314,313223
1,314,313254
1,314,313346
1,314,313529
1,314,313650
1,314,313655
1,314,313673
1,314,313824
1,314,313869
1,314,313925
1,314,313961
1,315,314080
1,315,314104
1,315,314212
1,315,314245
1,315,314447
1,315,314460
1,315,314478
1,315,314497
1,315,314633
1,315,314954
1,315,314985
1,316,315013
1,316,315095
1,316,315309
1,316,315331
1,316,315477
1,316,315548
1,316,315581
1,316,315716
1,316,315751
1,316,315851
1,316,315907
1,357,356140
1,357,356221
1,357,356300
1,357,356439
1,357,356443
1,357,356455
1,357,356679
1,357,356776
1,357,356971
1,357,356999
1,358,357165
1,358,357255
1,358,357670
1,358,357682
1,358,357743
1,358,357764
1,359,358023
1,359,358147
1,359,358158
1,359,358183
1,359,358581
1,359,358604
1,359,358617
1,359,358732
1,359,358774
1,359,358847
1,359,358997
1,360,359130
1,360,359293
1,360,359398
1,360,359515
1,360,359621
1,360,359662
1,360,359850
1,360,359966
1,360,359971
1,457,456014
1,457,456370
1,457,456403
1,457,456426
1,457,456488
1,457,456556
1,457,456764
1,457,456771
1,458,457027
1,458,457124
1,458,457102
1,458,457204
1,458,457357
1,458,457368
1,458,457493
1,458,457522
1,458,457794
1,458,457813
1,458,457822
1,458,457925
1,459,458058
1,459,458153
1,459,458215
1,459,458303
1,459,458397
1,459,458446
1,459,458444
1,459,458538
1,459,458577
1,459,458599
1,459,458757
1,459,458765
1,459,458782
1,459,458858
1,459,458972
1,460,459180
1,460,459190
1,460,459291
1,460,459395
1,460,459393
1,460,459587
1,460,459613
1,460,459700
1,460,459952
1,460,459976
1,489,488024
1,489,488066
1,489,488102
1,489,488236
1,489,488390
1,489,488581
1,489,488632
1,489,488682
1,489,488806
1,490,489063
1,490,489157
1,490,489171
1,490,489192
1,490,489370
1,490,489430
1,490,489450
1,490,489481
1,490,489521
1,490,489681
1,490,489739
1,490,489784
1,490,489815
1,490,489819
1,490,489829
1,490,489889
1,491,490151
1,491,490266
1,491,490312
1,491,490326
1,491,490392
1,491,490426
1,491,490542
1,491,490523
1,491,490634
1,491,490726
1,491,490775
1,491,490803
1,491,490911
1,491,490996
1,491,491000
1,492,491048
1,492,491085
1,492,491120
1,492,491239
1,492,491250
1,492,491321
1,492,491345
1,492,491342
1,492,491368
1,492,491408
1,492,491416
1,492,491451
1,492,491532
1,492,491524
1,492,491625
1,492,491779
1,492,491849
1,492,491984